,id,label,file
0,0,text,05-04-2022_grote_mars_besluit.pdf
1,1,text,1._Besluit_Granuliet_2020_95_IenW.pdf
2,2,text,1._Besluit_PFAS.pdf
3,3,text,10-08-2022_besluit_woo_mr_buitenwerkingstelling_ter_publ.pdf
4,4,text,15-08-2022_besluit_woo_bezoek_m_aan_isr_en_pg_ter_publ.pdf
5,5,text,191100-wobbesluit-inspectierapporten-dierproeven-2018.pdf
6,6,text,1e-deelbesluit-wob-geschil-versterkingsoperatie.PDF
7,7,text,1e-deelbesluit-wob-verzoek-bijzonder-beheer-mkb.pdf
8,8,text,1e_deelbesluit_op_Woo-verzoek_over_Nationaal_Platform_Leren_en_Ontwikkelen__NPLO_.pdf
9,9,text,1e_deelbesluit_Wob-verzoek_over_veiligheid_Schiphol.pdf
10,10,text,20-0132_en_21-0038_besluit.pdf
11,11,text,200875-wobbesluit-afgeschoten-edelherten-oostvaardersplassen-v2.pdf
12,12,image,2021-1005-besluit.pdf
13,13,text,2021-104_Besluit_Wob-verzoek_De_Vaandeldrager.pdf
14,14,text,2021-105_Besluit_Wob-verzoek__De_Vaandeldrager.pdf
15,15,text,2021-208-besluit.pdf
16,16,text,2021-238+Besluit+op+Wob-verzoek+over+gegevens+paardachtigen.pdf
17,17,text,2021-276-besluit.pdf
18,18,text,2021-281-besluit.pdf
19,19,image,2021-292-besluit.pdf
20,20,text,2021-293-besluit.pdf
21,21,image,2021-296-besluit.pdf
22,22,text,2021-56-besluit.pdf
23,23,text,2021.1002-wobbesluit-ongeval-Kampen-1807800.pdf
24,24,text,2021280-wobbesluit-verstrekte-sbv-subsidies.pdf
25,25,text,2021297-wobbesluit-mesttransporten-plangebied-akkerlanen.pdf
26,26,text,2022-005-besluit-wob-woo-aankoopprocedure-rond-schilderij-vaandeldrager.pdf
27,27,text,2022-014-wob-besluit.pdf
28,28,text,2022-018_Besluit_Wob-Woo_verzoek_NPLO.pdf
29,29,text,2022-053-besluit.pdf
30,30,text,2022-061-woo-besluit.pdf
31,31,image,2022-063-woo-besluit-studentenreisproduct.pdf
32,32,text,2022-076-besluit.pdf
33,33,text,2022-077wobBesluit-Landbouwtellingen-diertellingen-veehouderijen-zeewolde.pdf
34,34,text,2022-079-woo-besluit-over-groeifonds.pdf
35,35,text,2022-18-woo-rapportages-cabinelucht-besluit.pdf
36,36,image,2022-31-woo-besluit-op-wob-verzoek-over-schone-lucht-akkoord.pdf
37,37,text,2022-38-woo-besluit-over-totstandkoming-geluidsnorm-windturbines.pdf
38,38,image,2022-48-documenten.pdf
39,39,text,2022-58-woo-besluit-over-vliegveld-teuge.pdf
40,40,text,2022-66-besluit.pdf
41,41,text,20220715_Deelbesluit_op_Wob-Woo-verzoek_over_granuliet.pdf
42,42,text,21-0052-wob-besluit-afgegeven-erkenningen-wecg-wet-explosieven-voor-civiele-gebruik.pdf
43,43,text,21-0076-besluit.pdf
44,44,text,21-0083-besluit.pdf
45,45,text,21-0200-besluit.pdf
46,46,text,21-0222-en-21-0223-besluit.pdf
47,47,text,21-0493-besluit.pdf
48,48,text,21-0494-besluit.pdf
49,49,image,21-0570-besluit_wob-woo-dieren-behorende-tot-de-familie-van-de-viverridae.pdf
50,50,text,21-0599-besluit.pdf
51,51,text,21-0715_woo_besluit_deelbesluit_2_pluimveeslachterijen_versie_2.pdf
52,52,text,21-0894-Besluit-Wob-Woo-over-nicotinezakjes.pdf
53,53,text,21.0036-wobbesluit-verklaring-geen-bezwaar-windpark-zeewolde.pdf
54,54,text,22-0031-besluit.pdf
55,55,text,22-0032-besluit.pdf
56,56,image,22-0040-besluit.pdf
57,57,text,22-0097-besluit.pdf
58,58,image,22-0150_wobbesluit_toezichtgegevens_speeltuinvereniging.pdf
59,59,text,22-0267-besluit.pdf
60,60,image,22-0350-woo-besluit-over-aankomsttijden-nvwa-inspecteurs-bij-pluimveeslachterij.pdf
61,61,text,22-0461-besluit.pdf
62,62,image,22-0625-besluit.pdf
63,63,text,220927-woo-besluit-afgegeven-verklaring-niet-afgetrokken-premies-en-inhouding-loonheffing.pdf
64,64,text,26-09-2022_besluit_ter_publicatie.pdf
65,65,text,2e_deelbesluit_op_op_Wob-Woo-verzoek_over_plannen_hyperscale_datacenters.pdf
66,66,text,3e-deelbesluit-Wob-verzoek-in-Nederland-gevestigde-defensie-en-veiligheidsgerelateerde-industrie.pdf
67,67,text,4-2020-0848-001-wob-deelbesluit-2.pdf
68,68,image,4.2021.0836.001-wobbesluit-representativiteitstoetsen-verklaringen-metalektro-caos.pdf
69,69,text,4.2021.0905.001-wob-besluit-goed-werkgeverschap-in-de-zorg.pdf
70,70,text,4.2021.1020.001-wob-besluit-uitkomsten-representativiteitstoetsen.pdf
71,71,image,Aanvullend_besluit_op_Wob_verzoek_vuurwerkramp.pdf
72,72,text,Anoniem+besluit+op+Wob-verzoek+inzake+de+Suikertaks.pdf
73,73,image,beslissing-wob-werkinstructie-saldoverklaring.pdf
74,74,text,Beslissing_Wob-verzoek_bedrijfsmiddel.pdf
75,75,text,Besluit+2021-66.pdf
76,76,text,Besluit+geanonimiseerde+getuigenverklaringen+dossier+2007885.pdf
77,77,text,Besluit+op+Wob-verzoek+over+informatie+over+diertellingen+Bredesteeg+37+te+Echteld.pdf
78,78,text,Besluit+op+Wob-Woo-verzoek+over+informatie+diertelgegevens.pdf
79,79,image,Besluit+op+Wob-Woo-verzoek+over+project+Stiath.pdf
80,80,text,Besluit+op+Woo-verzoek+over+de+ouderbijdragen+in+het+basisonderwijs.pdf
81,81,text,Besluit+op+Woo-verzoek+over+vaststelling+fosfaatrechten+en+referentiedatum.pdf
82,82,image,Besluit+Wob-verzoek+I+inzake+ISF+(Internal+Security+Fund).pdf
83,83,text,Besluit+Wob-verzoek+II+inzake+ISF.pdf
84,84,text,Besluit+Wob-verzoek+inzake+ongediertebestrijding+in+PI+Krimpen+a-d+IJssel.pdf
85,85,text,Besluit+Wob-verzoek+over+Briedis+Jeugdbeschermers.pdf
86,86,image,Besluit+Wob-verzoek+over+de+Nationale+Adviesgroep+Cabinelucht.pdf
87,87,text,Besluit+wob-verzoek+vertrek+minister+van+Nieuwenhuizen.pdf
88,88,text,Besluit+Woo-verzoek+2022-36+Rijgeschiktheid+depressie.pdf
89,89,text,besluit-2-wob-defensie-industrie.pdf
90,90,image,besluit-4-2021-0628-001.pdf
91,91,text,besluit-op-wob-verzoek-de-terugbetalingsregels-van-een-studieschuld.pdf
92,92,text,besluit-op-wob-verzoek-inzake-beleid-apv-regime.pdf
93,93,text,besluit-op-wob-verzoek-over-anti-witwasrichtlijn.pdf
94,94,text,besluit-op-woo-verzoek-over-twee-vacatures-uit-2020.pdf
95,95,text,besluit-wob-aanvraag-radio-limburg.pdf
96,96,text,besluit-wob-amendement-wet_dieren.pdf
97,97,text,besluit-wob-export-chipmachine.pdf
98,98,text,besluit-wob-initiele-versies-geb-pia.pdf
99,99,text,besluit-wob-inkomstenbelasting-over-opgebouwde-rechten-duitsland.pdf
100,100,text,besluit-wob-kamerbrief-stikstofproblematiek.pdf
101,101,text,besluit-wob-kiezen-en-delen.pdf
102,102,text,besluit-wob-laadpalen.pdf
103,103,image,besluit-wob-melding-schapen.pdf
104,104,text,besluit-wob-nso-pegasus.pdf
105,105,text,besluit-wob-onrechtmatigheden-compensatie-toeslagenaffaire.pdf
106,106,image,besluit-wob-rapport-closer-together.pdf
107,107,text,besluit-wob-regeling-overdrachtsbelasting.pdf
108,108,text,besluit-wob-steun-sint-maarten.pdf
109,109,text,besluit-wob-subsidiekwestie-fresq.pdf
110,110,text,besluit-wob-totstandkoming-wet-inkomstenbelasting-2001.pdf
111,111,text,besluit-wob-verplaatsen-opstelpunt.pdf
112,112,text,besluit-wob-verzoek-clearview-ai.pdf
113,113,text,besluit-wob-verzoek-fosfaatrechten-bedrijf.pdf
114,114,text,besluit-wob-verzoek-verkenning-ai-toepassingen-door-douane.pdf
115,115,text,besluit-wob-vijver-westraven.pdf
116,116,text,besluit-wob-vluchten-curacao-aruba.pdf
117,117,text,besluit-wob-vrouwen-in-adviescolleges.pdf
118,118,text,besluit-wobverzoek-natuurherstel-hart-van-meijendel.pdf
119,119,image,besluit-woo-2022-023.pdf
120,120,image,besluit-woo-2022-028.pdf
121,121,text,besluit-woo-taken-crkbo.pdf
122,122,text,besluit-woo-verzoek-2022-33-schiphol-meivakantie.pdf
123,123,text,besluit-woo-verzoek-over-consultatie-wijziging-paspoortwet.pdf
124,124,image,Besluit_-_Wob-verzoek_inzake_Wet_uitbreiding_taakstrafverbod.pdf
125,125,text,Besluit_2021-220.pdf
126,126,text,Besluit_2021-265metdoc.pdf
127,127,text,besluit_2021-271.pdf
128,128,text,Besluit_22-0093.pdf
129,129,text,Besluit_Belhokjes_R8_redacted.pdf
130,130,text,Besluit_bij_wob-verzoek_antwoord_minister_op_vraag_5_kamervragen-fok_en_verkoop_kortsnuitige_honden.pdf
131,131,image,Besluit_en_stukken_Woo-verzoek_adopties_uit_Ethiopie_1985-1995_Deel_1.pdf
132,132,image,Besluit_inzake_Wob-verzoek_maatwerkvliegers.pdf
133,133,text,Besluit_inzake_Wob-verzoek_PTSS.pdf
134,134,text,Besluit_op_het_Woo-verzoek_over_beleid_JenV_inzake_onderwijs_en_educatie_door_de_rechterlijke_macht.pdf
135,135,image,Besluit_op_uw_Wob-verzoek.pdf
136,136,text,Besluit_op_uw_Wob-verzoek_herbenoeming_voorzitter_AP.pdf
137,137,text,Besluit_op_uw_Wob-verzoek_inzake_incident_PI_de_Schie.pdf
138,138,text,Besluit_op_uw_Woo-verzoek.pdf
139,139,image,Besluit_op_uw_Woo-verzoek_Geredigeerd.pdf
140,140,image,Besluit_op_uw_Woo-verzoek_Geredigeerd__003_.pdf
141,141,text,Besluit_op_uw_Woo-verzoek_inzake_de_BPG-afdeling.pdf
142,142,text,Besluit_op_uw_Woo-verzoek_inzake_etnische_afkomst_klinieken.pdf
143,143,text,Besluit_op_uw_Woo-verzoek_inzake_sanitaire_voorzieningen_JC_Schiphol.pdf
144,144,text,Besluit_op_uw_Woo-verzoek_over_een_dodelijk_incident_Aruba_mei_1940.pdf
145,145,text,Besluit_op_Wob-verzoek.pdf
146,146,image,Besluit_op_Wob-verzoekHigh_Tech_Campus_Eindhoven_HTC.pdf
147,147,text,Besluit_op_Wob-verzoek_afvalstoffenbelasting_2014.pdf
148,148,text,Besluit_op_Wob-verzoek_banenafspraken.pdf
149,149,text,Besluit_op_Wob-verzoek_dd_14_september_2021_inzake_de_intrekking_vergunningen_van_boerenbedrijven__stikstofcrisis_.pdf
150,150,text,Besluit_op_Wob-verzoek_individuele_tegemoetkoming_NS_slachtoffers_transporten_tijdens_WOII.pdf
151,151,text,Besluit_op_Wob-verzoek_inzake_de_belasting_op_leidingwater.pdf
152,152,text,Besluit_op_Wob-verzoek_inzake_de_communicatie_met_de_COIA.pdf
153,153,text,Besluit_op_Wob-verzoek_inzake_de_detachering_van_de_SG.pdf
154,154,text,Besluit_op_Wob-verzoek_inzake_formulering_van_onderzoeksvraag_4_van_het_PWC.pdf
155,155,text,Besluit_op_Wob-verzoek_inzake_goedkeuringsbesluiten_m.b.t_Kifid.pdf
156,156,text,Besluit_op_Wob-verzoek_inzake_handhavingsverzoek_Regenboog_Apotheek.pdf
157,157,image,Besluit_op_Wob-verzoek_inzake_NSO_Group_Pegasus.pdf
158,158,image,Besluit_op_Wob-verzoek_inzake_onderzoek_redactie__Brabant.pdf
159,159,text,Besluit_op_Wob-verzoek_inzake_RIVM-briefrapport.pdf
160,160,text,Besluit_op_Wob-verzoek_inzake_spoedadvies_van_de_Raad_voor_de_Rechtspraak.pdf
161,161,text,Besluit_op_Wob-verzoek_inzake_ZSM.pdf
162,162,text,Besluit_op_Wob-verzoek_inzake__RIEC-LIEC.pdf
163,163,image,Besluit_op_Wob-verzoek_inzak_ehet_ALTernatief_HALT.pdf
164,164,text,Besluit_op_Wob-verzoek_mbt_capaciteit_van_regionale_Teams_Zeden.pdf
165,165,text,Besluit_op_Wob-verzoek_mbt_de_fraudekwestie_Pels_Rijcken.pdf
166,166,text,Besluit_op_Wob-verzoek_overheidscampagne_Drop_je_knife_en_doe_wat_met_je_life.pdf
167,167,text,Besluit_op_Wob-verzoek_over_asielopvang_1_oktober-15_november_2021.pdf
168,168,image,Besluit_op_Wob-verzoek_over_BiOns_BV.pdf
169,169,text,Besluit_op_Wob-verzoek_over_BPM.pdf
170,170,text,Besluit_op_Wob-verzoek_over_contacten_EZK-Oekra_ne_in_kader_van_Gasrichtlijn-Nord_Stream_2.pdf
171,171,text,Besluit_op_Wob-verzoek_over_contacten_in_kader_van_Gasrichtlijn-Nord_Stream_2.pdf
172,172,text,Besluit_op_Wob-verzoek_over_contacten_Waalsdorpervlakte.pdf
173,173,text,Besluit_op_Wob-verzoek_over_evenementenfrequenties.pdf
174,174,text,Besluit_op_Wob-verzoek_over_experiment_gesloten_coffeeshopketen.pdf
175,175,text,Besluit_op_Wob-verzoek_over_het_rapport__Incident_of_Patroon_.pdf
176,176,text,Besluit_op_Wob-verzoek_over_koppels_vleeskuikens_van_vleeskuikenhouderijen_2018-heden_9992021287.pdf
177,177,text,Besluit_op_Wob-verzoek_over_melding_arbeidsomstandigheden.pdf
178,178,text,Besluit_op_Wob-verzoek_over_naamswijziging_Republiek_Macedoni_.pdf
179,179,text,Besluit_op_Wob-verzoek_over_opvolging_aanbevelingen_parlementair_rapport_Klem_tussen_balie_en_beleid.pdf
180,180,text,Besluit_op_Wob-verzoek_over_overleg_aanbod_chartervlucht_Kabul-Pakistan_met_evacuees_Afghanistan.pdf
181,181,text,Besluit_op_Wob-verzoek_over_overzicht_aantallen_opgevraagde_psychologische_expertiseonderzoeken.pdf
182,182,text,Besluit_op_Wob-verzoek_over_plannen_datacenter_Zeewolde.pdf
183,183,text,Besluit_op_Wob-verzoek_over_subsidies_en_projectplannen_over_Tel_mee_met_Taal.pdf
184,184,text,Besluit_op_Wob-verzoek_over_voortgang_aanpassing_regelgeving_aan_hogere_AOW-leeftijd.pdf
185,185,text,Besluit_op_Wob-verzoek_Pels_Rijcken.pdf
186,186,text,Besluit_op_Wob-verzoek_procedures_afvalstoffenbelasting.pdf
187,187,text,Besluit_op_Wob-verzoek_Project_Casous_Lamfadenites.pdf
188,188,text,Besluit_op_Wob-verzoek_richtlijnen_gunnen_van_verkoop_bij_inschrijving_van_voertuigen.pdf
189,189,text,Besluit_op_Wob-verzoek_van_17_december_2020.pdf
190,190,image,Besluit_op_Wob-verzoek_Wet_Computercriminaliteit_III.pdf
191,191,image,Besluit_op_Wob-verzoek__inzake_eerder_Wob-verzoek.pdf
192,192,text,Besluit_op_Wob-Woo-verzoek_over_Europees_Herstelfonds.pdf
193,193,text,Besluit_op_Wob-Woo-verzoek_over_het_televisieprogramma_Ontvoerd_van_producent_Simpel_Media.pdf
194,194,text,Besluit_op_Wob-Woo-verzoek_over_inspecties_NVWA_uitgevoerd_bij_een_pluimveeslachterij.pdf
195,195,text,Besluit_op_Wob-Woo-verzoek_over_meldingen_hondenhandelaar.pdf
196,196,text,Besluit_op_Wob-Woo-verzoek_over_openstelling_casino_s_tijdens_COVID-19_pandemie.pdf
197,197,text,Besluit_op_Wob-Woo-verzoek_over_rijksmonument_Oude_Vest_73_Leiden.pdf
198,198,text,Besluit_op_Wob-Woo-verzoek_over_verstrekte_subsidies_aan_Stichting_Trivire.pdf
199,199,image,Besluit_op_Wob_-verzoek_inzake_Pegasus.pdf
200,200,text,Besluit_op_Wob_verzoek_over_het_normenkader_waardevermindering_motorvoertuigen.pdf
201,201,image,Besluit_op_Wob_Woo-verzoek_over_een_NVWA-rapport_uit_2014_over_een_slachthuis.pdf
202,202,text,besluit_op_Woo-verzoek.pdf
203,203,text,Besluit_op_Woo-verzoek_10_maart_2022.pdf
204,204,image,Besluit_op_Woo-verzoek_13_mei_2022.pdf
205,205,text,Besluit_op_Woo-verzoek_21_juni.pdf
206,206,text,Besluit_op_Woo-verzoek_inzake_de_concepten_voor_de_implementatiewet_Richtlijn_openbaarmaking_winstbelasting_en_het_Implementatie.pdf
207,207,text,Besluit_op_Woo-verzoek_inzake_de_overeenkomst_met_Google_Cloud_voor_Google_Workspace.pdf
208,208,text,Besluit_op_Woo-verzoek_inzake_het_rapport__Werken_met_de_menselijke_maat_.pdf
209,209,text,Besluit_op_Woo-verzoek_inzake_huisregels_Turfmarkt_147.pdf
210,210,text,Besluit_op_Woo-verzoek_inzake_Kavel_K2200252607.pdf
211,211,text,Besluit_op_Woo-verzoek_over_ambtsmisdrijven_Belastingdienst_bij_verstrekken_kinderopvangtoeslag.pdf
212,212,image,Besluit_op_Woo-verzoek_over_besluit-verzoek_Woo-contactpersoon.pdf
213,213,text,Besluit_op_Woo-verzoek_over_bouwfraude_in_de_verschillende_regionale_TPO_s_en_CTPO.pdf
214,214,text,Besluit_op_Woo-verzoek_over_correctiebedragen_Wind_op_Zee.pdf
215,215,image,Besluit_op_Woo-verzoek_over_de_mogelijke_herziening_van_artikel_457_Sv.pdf
216,216,text,Besluit_op_Woo-verzoek_over_de_uitvoering_van_de_motie_Van_Kooten-Arissen__35526__nr._53_.pdf
217,217,text,Besluit_op_Woo-verzoek_over_Gemeente_Hulst.pdf
218,218,text,Besluit_op_Woo-verzoek_over_grensoverschrijdend_gedrag_bij_D66.pdf
219,219,text,Besluit_op_Woo-verzoek_over_ontvangen_renteloze_krediet_uit_het_Toekomstfonds.pdf
220,220,text,Besluit_op_Woo-verzoek_over_personeelstekorten_Schiphol.pdf
221,221,text,Besluit_op_woo-verzoek_over_problematiek_op_Schiphol.pdf
222,222,text,Besluit_op_Woo-verzoek_over_redenen_opschorting_en_deelbesluiten_Woo-verzoeken.pdf
223,223,text,Besluit_op_Woo-verzoek_over_Sluispolderweg.pdf
224,224,image,Besluit_op_Woo-verzoek_over_Stichting_Sound-Music22_2019-2022.pdf
225,225,text,Besluit_op_Woo-verzoek_over_toepassing_staalslakken.pdf
226,226,image,Besluit_op_Woo-verzoek_over_totstandkoming_beloning_bewindvoerders.pdf
227,227,text,Besluit_op_Woo-verzoek_over_waarderingsmethoden_fiscus.pdf
228,228,text,Besluit_op__Woo-verzoek_Varkens_in_nood.pdf
229,229,text,Besluit_over_Woo-verzoek_circusdieren_en_andere_optredens.pdf
230,230,text,Besluit_PIA_vlucht_14-02-2022.pdf
231,231,text,besluit_Tennet_aanleg_hoogspanninsverbinding.pdf
232,232,image,Besluit_Wob-verzoeken_d.d_4_juni_2021_inzake_de_Oostvaardersplassen_deel_1.pdf
233,233,text,Besluit_Wob-verzoek_2021-61_Luchtvaartspecifieke_MKBAs.PDF
234,234,image,Besluit_Wob-verzoek_Afghanistan_1.pdf
235,235,text,Besluit_Wob-verzoek_afschaffing_leenstelsel.pdf
236,236,image,Besluit_Wob-verzoek_bijeenkomst_de_de_boshal_Loppersum.pdf
237,237,text,Besluit_Wob-verzoek_correspondentie_DJI-leverancier.pdf
238,238,image,Besluit_Wob-verzoek_deel_2_en_3_getekend_-_geanonimiseerd_en_ingescand.pdf
239,239,image,Besluit_wob-verzoek_Gujarat_Redacted.pdf
240,240,text,Besluit_Wob-verzoek_ingetrokken_inspectierapport_KC_taken.pdf
241,241,text,Besluit_Wob-verzoek_inzake_het_covidbeleid_2022_in_PI_Krimpen_a-d_IJssel.pdf
242,242,text,Besluit_Wob-verzoek_over_het_zelfgekozen_levenseinde.pdf
243,243,text,Besluit_Wob-verzoek_over_kantoorgebouw_RWS_Westraven.pdf
244,244,image,Besluit_Wob-verzoek_over_Selective_Androgen_Receptor_Modulators.pdf
245,245,image,Besluit_Wob-verzoek_Pilot_Wrakschepen.pdf
246,246,text,Besluit_Wob-verzoek_resultaten_onderzoekmaatregel_verbod_op_betalen_en_ontvangen_contante_bedragen_3000_euro.pdf
247,247,text,Besluit_Wob-verzoek_Subsidie_woningbouwimpuls_project_Stadshaven_Nijkerk.pdf
248,248,text,Besluit_Wob-verzoek_toegang_voetbalstadions_en_corona.pdf
249,249,text,Besluit_Wob-verzoek_WODC-onderzoek_klassenjustitie_-_deelbesluit_1.pdf
250,250,text,Besluit_Wob-verzoek_wrakkenbescherming.pdf
251,251,text,besluit_WOB_2022-007_invasieve_exoten.pdf
252,252,text,Besluit_Wob_2022-049_inschrijven_examiner_Europees_Octrooibureau.pdf
253,253,text,Besluit_Wob_LTO_2022-006.pdf
254,254,image,Besluit_Wob_verzoek_NSO-Group.pdf
255,255,text,Besluit_Wob_Woo_alternatieven_voor_gasleveranties_door_Rusland_met_het_conflict_met_Oekra_ne.pdf
256,256,text,Besluit_Woo-verzoek_2021-64_Helmplicht_snorfietsers.pdf
257,257,text,Besluit_Woo-verzoek_communicatie_van_het_ministerie_van_LNV.pdf
258,258,text,Besluit_Woo-verzoek_integratie_van_Rijks_volmachtregisters_in_het_Handelsregister.pdf
259,259,text,Besluit_Woo-verzoek_inzake_de_eiwittransitie.pdf
260,260,text,besluit_Woo-verzoek_inzake_grensoverschrijdend_gedrag_D66___1_.pdf
261,261,image,Besluit_WOO-verzoek_Milieudefensie_tegen_Shell_Geredigeerd.pdf
262,262,text,besluit_Woo-verzoek_ongeval_trampoline.pdf
263,263,image,Besluit_Woo-verzoek_over_de_fraudekwestie_Pels_Rijcken_Geredigeerd.pdf
264,264,image,Besluit_Woo-verzoek_over_gratie_Gods.pdf
265,265,image,Besluit_Woo-verzoek_over_vergister.pdf
266,266,text,Besluit_Woo-verzoek_Reisadvies_Thailand.pdf
267,267,text,Besluit_Woo_2022-021_landbouwtellingen.pdf
268,268,text,Besluit_Woo_22-0159.pdf
269,269,text,Besluit_woo_gecombineerde-opgaven_boksum.pdf
270,270,image,Besluit_Woo_over_onteigening_of_schending_van_het_eigendomsrecht_in_de_MR_en_MCCb.pdf
271,271,text,Besluit_Woo_verzoek_toegang_Russische_nieuwsbronnen_edited___sanitized.pdf
272,272,text,besluit_Woo_verzoek__Communicatie_tussen_specifieke_personen_en_Nederlandse_overheid.pdf
273,273,text,Besluit_Woo_Wob_meldingen_PAS_Lelystad_Airport.pdf
274,274,text,Besluit_zoals_verzonden.pdf
275,275,text,Bowoo_verzoek_geschilbesluit_allotment_9c.pdf
276,276,text,Deelbesluit+1+op+Woo-verzoek+vuurwerkbesluit.pdf
277,277,text,Deelbesluit+2.pdf
278,278,image,deelbesluit-1-wob-klimaatakkoord.pdf
279,279,text,deelbesluit-1-wob-projectsubsidies-sabe.pdf
280,280,text,deelbesluit-1-wob-toeslagenaffaire-en-bespreking-in-ministerraden.pdf
281,281,text,deelbesluit-1-woo-afsluitdijk.pdf
282,282,text,deelbesluit-1-woo-belastingverdrag-rusland-besluit.pdf
283,283,text,deelbesluit-1-woo-wet-onderzoek-landen-met-offensief-cyberprogramma-besluit.pdf
284,284,text,deelbesluit-2-gaswinning-en-aardbevingen-groningen-totstandkoming-ncg-img-v2.pdf
285,285,text,deelbesluit-2-wob-erkenning-armeense-genocide.pdf
286,286,text,deelbesluit-2-wob-excretienormen-dieren-in-veehouderij.pdf
287,287,image,deelbesluit-2-wob-projectsubsidies-sabe.pdf
288,288,text,deelbesluit-2-wob-vion.pdf
289,289,text,deelbesluit2-op-wob-verzoek-over-Volksbank.pdf
290,290,text,deelbesluit_1_Afghanistan.1.pdf
291,291,image,Deelbesluit_1_Wob-verzoek_MIT_28-04.pdf
292,292,text,Deelbesluit_2_op_Wob-verzoek_Afghanistan_1_v2.pdf
293,293,text,Deelbesluit_2_Woo-verzoek_communicatie_IenW_en_Nederlandse_Spoorwegen_over_marktordeningsaangelegenheden.pdf
294,294,text,deelbesluit_2_Woo-verzoek_Nationaal_Platform_Leren_en_Ontwikkelen.pdf
295,295,text,deelbesluit_3_Afghanistan__1_Edited.pdf
296,296,text,Deelbesluit_3_Woo-verzoek_over_Europees_Herstelfonds.pdf
297,297,text,Deelbesluit_II.pdf
298,298,text,Deelbesluit_Wob-verzoek_Zembla_inzake_hormoonverstorende_stoffen_in_gewasbescherming_Deel1.pdf
299,299,text,Derde_deelbesluit_op_Wob-verzoek_over_webmodule.pdf
300,300,text,Eerste_deelbesluit_op_uw_Woo-verzoek_inzake_incidenten_vrouwengevangenissen.pdf
301,301,text,Eerste_deelbesluit_op_uw_Woo-verzoek_inzake_sterfgevallen_penitentiaire_inrichtingen.pdf
302,302,text,Eerste_deelbesluit_Wob-verzoek_legitimiteit_stichting_Woondiensten_EnkhuizenWelwonen.pdf
303,303,text,Ganonimiseerd_besluit_WOB_2022-030_-_Woo.pdf
304,304,text,Geanonimiseerde_besluit_Woo_2022-036.pdf
305,305,text,Geanonimiseerd_besluit-_Woo_2022-_002.pdf
306,306,text,Geanonimiseerd_besluit.pdf
307,307,text,Geanonimiseerd_besluit_inzake_Koperplatenwrak.pdf
308,308,text,Geanonimiseerd_besluit_m.b.t._de_box_3_uitspraak_van_de_Hoge_Raad.pdf
309,309,text,Geanonimiseerd_besluit_Woo-verzoek_inzake_personeelsdossiers_ADR.pdf
310,310,text,Geanonimiseerd_besluit_Woo-_2022-001.pdf
311,311,text,Getekend_besluit_290-2021.pdf
312,312,text,IND+Wob+besluit+inzake+PIA+8+maart+22.pdf
313,313,text,Publicatie+Rijksoverheid.nl+BRIEF.pdf
314,314,text,PUBLICATIE+RIJKSOVERHEID.NL-BRIEF.pdf
315,315,image,Tweede_deelbesluit_op_Woo-verzoek_naar_MIT.pdf
316,316,image,Tweede_deelbesluit_op_Woo-verzoek_over_het_MIT.pdf
317,317,text,Vervolgbesluit_over_afbouw_van_de_gaswinning_in_2018.pdf
318,318,text,Wob+besluit+inzake+risicomodellen+en+algoritmes.pdf
319,319,text,Wob+besluit+over+productverbetering.pdf
320,320,text,Wob+Woo-verzoek+over+identificatie+en+registratie+honden.pdf
321,321,text,wob-2021-291-besluit.pdf
322,322,text,wob-263-2021-besluit.pdf
323,323,text,wob-aanbesteding-giraal-betalingsverkeer-rijk-besluit.pdf
324,324,text,wob-afvalstoffenbelasting-besluit.pdf
325,325,text,wob-algoritmen-belastingdienst-toeslagen-besluit.pdf
326,326,text,wob-beleid-correspondentie-bkr-besluit.pdf
327,327,text,WOB-Beslissing_inclusief_stukken.pdf
328,328,text,Wob-besluit+zetelverdrag.pdf
329,329,text,wob-besluit-2021248-diertellingen-nieuweroord-en-tiendeveen.pdf
330,330,text,wob-besluit-2022-002-aantal-geregistreerde-fosfaatrechten-locaties-te-ijsselham.pdf
331,331,text,wob-besluit-2022-25-emissies-ten-gevolge-van-vliegtuigbewegingen-v2.pdf
332,332,text,wob-besluit-21-0073-informatie-grond-project-alliantie-markermeerdijken.pdf
333,333,image,wob-besluit-4.2021.0624.001-ongeval-met-dossiernummer-411600311.pdf
334,334,text,wob-besluit-beleidsmatige-adviezen-over-aanpak-stikstof.pdf
335,335,image,wob-besluit-beleidsregel-verlenging-diplomatermijn.pdf
336,336,text,wob-besluit-breedplaatvloeren-in-rijksgebouwen.pdf
337,337,text,wob-besluit-chagos-archipel.pdf
338,338,text,wob-besluit-cns-of-cbs-havelterberg.pdf
339,339,text,wob-besluit-doden-vissen.pdf
340,340,text,wob-besluit-elbit.pdf
341,341,text,wob-besluit-erkenning-genocide-op-koerden.pdf
342,342,text,wob-besluit-gebruik-en-werking-van-algoritmes.pdf
343,343,text,wob-besluit-herinvoering-vingerafdruk-in-nederlandse-id-kaart.pdf
344,344,text,wob-besluit-interpretatie-wezenskenmerken-meldingsplicht-grensoverschrijdende-constructies.pdf
345,345,text,wob-besluit-inzake-de-toepassing-van-artikel-11.5-adr.pdf
346,346,text,wob-besluit-mandaatregisters-bzk.pdf
347,347,text,wob-besluit-overeenkomst-belgie-en-nederland-toepassing-artikel-18-verdrag-staatscourant.pdf
348,348,text,wob-besluit-proceedings-initiated-by-netherlands-in-german-courts.pdf
349,349,text,wob-besluit-tijdelijke-huisvesting-ministerie-van-algemene-zaken.pdf
350,350,text,wob-besluit-uitvoering-artikel-11.5-wet-studiefinanciering-2000.pdf
351,351,text,wob-besluit-verhouding-tussen-loonkloof-po-vo-en-lerarentekort.pdf
352,352,text,wob-besluit-voc-schip-de-rooswijk.pdf
353,353,text,wob-besluit-voorlopige-getuigenverhoren.pdf
354,354,text,wob-besluit-wef.pdf
355,355,image,wob-besluit-wet-verbod-op-kolen-bij-elektriciteitsproductie.pdf
356,356,image,wob-besluit-zaakdossier-buitenechtelijke-zoon-prins-hendrik.pdf
357,357,text,Wob-besluit_anoniementarief.pdf
358,358,text,Wob-besluit_BAG.pdf
359,359,text,Wob-besluit_Chili.pdf
360,360,image,Wob-besluit_correspondentie_van_NVWA_met_activist_over_de_behandeling_zijn_Wob-verzoek.pdf
361,361,image,Wob-besluit_groothandel.pdf
362,362,image,Wob-besluit_handhavingsverzoeken_plantaardige_kaas_en_margarines.pdf
363,363,image,wob-besluit_hoe_werkt_SZW_dossier.pdf
364,364,image,Wob-besluit_huisvesting_schapen.pdf
365,365,text,Wob-besluit_informatie_grond_project_aanleg_Trintelzand.digi.pdf
366,366,text,Wob-besluit_inspectieresultaten_Hygi_necode_voor_Horeca_fastfoodrestaurant.pdf
367,367,image,Wob-besluit_Inspectie_OCW_gem_Meppel_vereniging_en_stichting_CNS-_of_CBS.pdf
368,368,text,Wob-besluit_inzake_onderzoek_waarderegeling_v2.pdf
369,369,text,Wob-besluit_notulen_Samen_Opleiden_voor_Academische_leren.pdf
370,370,text,Wob-besluit_over_de_Regeling_Vermindering_Verhuurderheffing.pdf
371,371,image,Wob-besluit_over_een_ongeluk_met_een_aanhanger_met_vleeskuikens..pdf
372,372,text,Wob-besluit_over_vergunningen_voor_staand_wantvissen.pdf
373,373,text,Wob-besluit_vervoer_van_wapens_en_of_munitie_van__naar__en_via_Maastricht_Airport.pdf
374,374,text,wob-bzk-sancties-rusland-besluit.pdf
375,375,text,wob-cryptodienstverlening-deelbesluit-2.pdf
376,376,text,wob-fatca-besluit.pdf
377,377,image,wob-functioneren-jeugdzorgstelsel-besluit.pdf
378,378,text,wob-herindeling-scherpenzeel-besluit.pdf
379,379,text,wob-mandaatregister-besluit.pdf
380,380,text,wob-onderzoek-witwassen-abnamro.pdf
381,381,text,wob-phc-feronia-besluit.pdf
382,382,text,wob-validatiestudies-besluit.pdf
383,383,text,Wob-verzoek++maximering+WOZ-puntenaandeel+in+het+WWS.pdf
384,384,text,Wob-verzoek+bijvoeren+wilde+dieren+op+defensieterrein.pdf
385,385,text,Wob-verzoek+informatie+inspectieresultaten+welzijnsschendingen+dieren.pdf
386,386,text,Wob-verzoek+inzake+de+beantwoording+van+onderzoeksvraag+4.pdf
387,387,text,Wob-verzoek+over+aandelenverkoop+Vitesse.pdf
388,388,text,Wob-verzoek+over+aankoop+van+het+schilderij+De+Vaandeldrager.pdf
389,389,text,Wob-verzoek+over+intern+beleid+van+artikel+4.12a+Wet+Inkomstenbelasting+2001.pdf
390,390,text,Wob-verzoek+over+Search+and+Rescue+Helicopter+Capacity.pdf
391,391,text,wob-windpark-n33-besluit.pdf
392,392,text,wob-woo-besluit-22-0178-bestrijdingsmiddel-xentari-en-paarden.pdf
393,393,text,wob-woo-besluit-bemesting-plangebied-akkerlanen.pdf
394,394,text,wob-woo-besluit-controle-declaratie-commissiegelden.pdf
395,395,text,wob-woo-besluit-fmo-phc-feronia-palmolieplantages-Congo.pdf
396,396,text,wob-woo-besluit-onderzoek-naar-Volksbank-DVB.pdf
397,397,text,wob-woo-besluit-op-wob-amerikaans-verzoek-over-extra-gaswinning-groningen.pdf
398,398,text,Wob-Woo-besluit_over_Konikpaarden_in_de_Oostvaardersplassen.pdf
399,399,text,Wob-Woo-verzoek_over_pelagische_visserij_deelbesluit_2.pdf
400,400,text,wobbesluit-2-rapporten-universiteit-wageningen-v2.pdf
401,401,image,wobbesluit-21-0396-melding-dierenwelzijnssituatie-schapen-bij-veehouderij.pdf
402,402,text,wobbesluit-210482-melding-reclameverbod-tabaksproducten-e-sigaretten-en-eliquids-v2.pdf
403,403,text,wobbesluit-22-0007-registraties-mest-en-digestaat-bedrijven-kooimaten-te-goor.pdf
404,404,text,wobbesluit-atad2-en-dubbele-belastingheffing.pdf
405,405,text,wobbesluit-begroting-duurzaamheidsplannen-huis-ten-bosch.pdf
406,406,image,wobbesluit-campagnes-iedereen-doet-wat-IDWenRES.pdf
407,407,text,wobbesluit-commandopost-clingendael.pdf
408,408,text,wobbesluit-communicatie-acm-en-ezk-over-postmarkt-deel-1.pdf
409,409,text,wobbesluit-criteria-legalisatie-pas-melders.pdf
410,410,image,wobbesluit-dutch-grand-prix.pdf
411,411,text,wobbesluit-grondtransactie-paleis-soestdijk.pdf
412,412,text,wobbesluit-pia-van-landelijke-aanpak-adreskwaliteit.pdf
413,413,text,wobbesluit-staatssteunaspecten-bik.pdf
414,414,text,wobbesluit-thermisch-gereinigde-grond.pdf
415,415,text,wobbesluit-tracekeuze_-zuidwest-380-kv-oost-langs-a17.pdf
416,416,text,Wobbesluit_weerwaarschuwingen.pdf
417,417,text,Wob_-_Algoritmes_-_Besluit.pdf
418,418,text,Wob_besluit_01-04-2022_geanonimiseerd_voor_publicatie.pdf
419,419,text,Wob_Besluit_allocatiemodellen_promoties.pdf
420,420,text,Wob_besluit_over_Bitumen.pdf
421,421,text,Wob_besluit_over_ontwerpbeschikking_Omgevingsvergunning_Catshuis.pdf
422,422,image,Wob_besluit_toezicht_en_naleving_cites_verdrag.pdf
423,423,image,Wob_besluit_weekberichten.pdf
424,424,text,Wob_Woo_besluit_over_uithuisplaatsingen__herplaatsingen_en_ondertoezichtstellingen.pdf
425,425,text,woo-2021-63-besluit.pdf
426,426,text,woo-2022-45-besluit.pdf
427,427,text,woo-21-0152-besluit.pdf
428,428,text,woo-72-procent-besluit.pdf
429,429,text,woo-afbouw-gaswinning-besluit.pdf
430,430,text,woo-artikel-83-pensioenwet-besluit.pdf
431,431,text,woo-belastingplicht-investeringsverklaringen-besluit.pdf
432,432,image,Woo-besluit+CITES.pdf
433,433,image,Woo-besluit+over+bindingspremies+luchtverkeersleiding+Koninklijke+Luchtmacht.pdf
434,434,text,Woo-besluit+over+dierenverhuurbedrijven.pdf
435,435,text,woo-besluit+over+fosfaatrechten+van+veeteeltbedrijf.pdf
436,436,text,woo-besluit-2022-014-twee-citesvergunningen-voor-de-soort-uromastyx-geyri.pdf
437,437,text,woo-besluit-aantallen-beams.pdf
438,438,text,woo-besluit-cites-vergunningen-voor-soort-saara-loricata.pdf
439,439,text,woo-besluit-communicatie-besluit-wijziging-ativiteitenbesluit.pdf
440,440,text,woo-besluit-contacten-rabo-pveu.pdf
441,441,image,woo-besluit-gladheidsdiensten-v2.pdf
442,442,text,woo-besluit-identificatie-en-registratie-honden.pdf
443,443,text,woo-besluit-inzetgereedheidsrapportages.pdf
444,444,text,woo-besluit-op-wob-verzoek-over-fatca.pdf
445,445,text,woo-besluit-plannen-koninklijk-conservatorium-locatie-den-haag.pdf
446,446,text,woo-besluit-subsidie-ghana.pdf
447,447,text,woo-besluit-tactisch-overleg-planleveranciers.pdf
448,448,text,Woo-besluit-Tanzania-gasvelden-gaswinning-in-Tanzania.pdf
449,449,text,woo-besluit-toekomstvisie-gewasbescherming-2030.pdf
450,450,text,Woo-besluit_17_oktober_2022.pdf
451,451,text,Woo-besluit_21-0680-over-hondenhhandelaar-melding-895963.00.pdf
452,452,text,Woo-besluit_22-0094.pdf
453,453,text,Woo-besluit_communicatie_en_onderbouwing_verkeerde_top_100_lijst.pdf
454,454,text,woo-besluit_contact_vno_ncw.pdf
455,455,image,Woo-besluit_deelnemers_veiling_kleine_FM-frequenties.pdf
456,456,text,Woo-besluit_dierenhandelaar.pdf
457,457,image,Woo-besluit_handhavingsbeleid_Ksa.pdf
458,458,text,Woo-besluit_inzake_Wet_wapens_en_munitie.pdf
459,459,image,Woo-besluit_kosten_extern_raadsadviseur_Redacted.pdf
460,460,text,Woo-besluit_landbouwtellinggegevens_Dinteloord.pdf
461,461,text,Woo-besluit_landbouwvrijstelling_in_inkomsten_en_vennootschapsbelasting.pdf
462,462,text,Woo-besluit_melding_NVWA.pdf
463,463,text,Woo-besluit_onderzoeksopdracht_commissie_Van_der_Veer.pdf
464,464,image,Woo-besluit_overzicht_uitbetalingen_commissieleden.pdf
465,465,text,Woo-besluit_over_grensoverschrijdend_gedrag_D66.pdf
466,466,text,Woo-besluit_over_instructies_Belastingdienst.pdf
467,467,text,Woo-besluit_over_leegstaande_Rijksgebouwen_in_bezit_bij_het_Rijksvastgoedbedrijf.pdf
468,468,text,Woo-besluit_over_mutatie_BRIN-nummers_drietal_scholen_Zoetermeer.pdf
469,469,text,Woo-besluit_over_plaatsen_logo_van_ministerie_BZK_de_website_van_A.S.C._en_A.V.S.V.pdf
470,470,text,Woo-besluit_over_totstandkoming_van_besluit_verplichte_hybride_warmtepompen_per_2026.pdf
471,471,text,Woo-besluit_registratie_van_landbouwpercelen.pdf
472,472,image,Woo-besluit_Samenwerkingsorganisatie.pdf
473,473,text,Woo-besluit_schietbaan_Katlijk.pdf
474,474,text,Woo-besluit_Soestdijk.pdf
475,475,text,Woo-besluit_uitvoeringsoverleg_evacuatie_uit_Afghanistan.pdf
476,476,text,woo-bz-vno-imvo-besluit.pdf
477,477,text,woo-chipregistratie-honden-en-puppies-besluit.pdf
478,478,text,woo-concessies-bonaire-besluit.pdf
479,479,text,woo-controle-declaraties-commissies-besluit.pdf
480,480,text,woo-correspondentie-npo-besluit.pdf
481,481,image,Woo-deelbesluit+1+over+Tijdelijke+wet+onderzoeken+AIVD+en+MIVD+naar+landen+met+een+offensief+cyberprogramma.pdf
482,482,text,woo-dividendbelasting-besluit.pdf
483,483,text,woo-evacuatie-afghanistan-besluit-1.pdf
484,484,text,woo-functies-minister-kaag-bij-wef.pdf
485,485,text,woo-gazprom-gasopslag-bergermeer-besluit.pdf
486,486,text,woo-geluidsnormen-windturbines-besluit.pdf
487,487,text,woo-imvo-besluit.pdf
488,488,text,woo-jacuzzi.pdf
489,489,text,woo-kamervragen-loslopende-huiskatten-besluit.pdf
490,490,text,woo-kamervragen-wob-besluit.pdf
491,491,text,woo-koepelconvenant-nob-htfd-besluit.pdf
492,492,text,woo-laa-besluit.pdf
493,493,text,woo-loon-uit-dienstverband-besluit.pdf
494,494,text,woo-milieustraten-goeree-besluit.pdf
495,495,text,woo-nederlanders-rusland-besluit.pdf
496,496,text,woo-onderhandelingen-belastingverdragen-besluit.pdf
497,497,text,woo-open-normen-wet-dieren-besluit.pdf
498,498,text,woo-parkieten-aruba-besluit.pdf
499,499,text,woo-statutenwijziging-kifid-besluit.pdf
500,500,text,woo-svpo-besluit.pdf
501,501,text,woo-toewijzing-nieuwbouw-koopwoningen-besluit.pdf
502,502,text,woo-totstandkoming-kamerbrief-illegale-trustdienstverlening-besluit.pdf
503,503,text,woo-totstandkoming-wijzigingsregeling-lnv-besluit.pdf
504,504,text,woo-verwerking-aangifte-besluit.pdf
505,505,image,Woo-verzoek+over++NPO+verleende+vergunning+voor++gebruik+van+frequentieruimte+digitale-omroep.pdf
506,506,text,Woo-verzoek_2020-73_Deelbesluit_1.pdf
507,507,text,Woo-verzoek_excretienormen_-_deelbesluit_1.pdf
508,508,text,woo-winningsvergunning-veendam-besluit.pdf
509,509,text,woo-wob-verhuizing-shell-besluit.PDF
510,510,text,Woo_2021-73_-_besluit.pdf
511,511,text,Woo_2022-040_Document_2-20_-.pdf
512,512,text,Woo_2022-049_deelbesluit_1.pdf
513,513,text,WOO_Besluit_afwijzing_verzoek_van_29_november_2021.pdf
514,514,image,Woo_besluit_DPIA_PI_NL.pdf
515,515,text,Woo_besluit_fosfaatrechten.pdf
516,516,text,woo_besluit_over_Inkomenstoets_WMO.pdf
517,517,text,Woo_besluit_uitvoeringsprogramma_Toekomstvisie_Gewasbescherming_2030.pdf
518,518,text,WV140003_Besluit_op_Wob-verzoek_4.2021.0565.001_geredigeerd.pdf
