doc_id,title,text
262,besluit_Woo-verzoek_ongeval_trampoline.pdf,"File id: 262 File title: besluit_Woo-verzoek_ongeval_trampoline.pdf.


 Onze referentie 22-0359 


 Verzonden op 23 augustus 2022 


 Betreft: Besluit op Wob-verzoek 22-0359 


  In uw verzoek van 11 mei 2022, heeft u de Nederlandse Voedsel en Warenautoriteit (hierna: NVWA) gevraagd om het rapport openbaar te maken over het toezicht naar aanleiding van een ongeval met een trampoline.


 Op 11 mei 2022 heeft u bericht ontvangen dat uw verzoek in goede orde is ontvangen.


 Op 8 juni 2022 heb ik aangegeven dat de beoordeling van uw verzoek meer tijd in beslag neemt.


 Over dit verzoek heeft u op 1 juli 2022 contact gehad met een medewerker van het Team Openbaarmaking en Privacy van de NVWA.


 Op 1 mei 2022 is echter de Woo inwerking getreden en is de Wob ingetrokken (artikel 10.1.


 directie strategie divisie Juridische zaken Onze referentie 22-0359 Besluit Ik besluit de door u gevraagde informatie in het geheel niet openbaar te maken.


 directie strategie divisie Juridische zaken Onze referentie 22-0359 Wanneer het gaat om informatie waar belangen van anderen bij betrokken zijn, moet ik hen de mogelijkheid geven om een zienswijze in te dienen.


 directie strategie divisie Juridische zaken Onze referentie 22-0359 In document 1 staan (ook) persoonsgegevens van ambtenaren.


 Met haar uitspraak van 16 februari 2011 (ECLI:NL:RVS:2011:BP4706, rechtsoverweging 2.5.1) overwoog de Afdeling bestuursrechtspraak van de Raad van State (hierna: Afdeling) dat bij de in het kader van de Wob te verrichten belangenafweging enkel het algemene of publieke belang bij openbaarmaking en de door de weigeringsgronden te beschermen belangen worden betrokken.


 Met haar uitspraak van 2 februari 2022 (ECLl:NL:RVS:2022:285, rechtsoverweging 7.3, 7.4, 7.6 en 7.7) beoogde de Afdeling een beoordelingskader voor de toepassing van het evenredigheidsbeginsel te formuleren dat voor alle besluiten kan worden toegepast, waarbij het bestuursorgaan beleidsruimte heeft.


 De Wet open overheid (Woo) stelt voorop dat toegang tot publieke informatie een recht is dat in beginsel aan directie strategie divisie Juridische zaken Onze referentie 22-0359 eenieder in gelijke mate toekomt (artikel 1.1., Woo).


 directie strategie divisie Juridische zaken Onze referentie 22-0359 Vertrouwelijke verstrekking Op grond van artikel 5.6, eerste lid, Woo, kan worden besloten de informatie uitsluitend aan de verzoeker te verstrekken.


 1 april 2008 (ECLI:NL:GHSHE:2008:BC8346), rechtsoverweging 2, behandeling van verweer A en B).


 directie strategie divisie Juridische zaken Onze referentie 22-0359 Vragen Als u vragen heeft over de afhandeling van uw verzoek, dan kunt u contact opnemen met wooverzoeken@nvwa.nl.


 De Minister van Landbouw, Natuur en Voedselkwaliteit, namens deze: mr. A.A. ten Cate Teamleider Openbaarmaking en privacy directie strategie divisie Juridische zaken Onze referentie 22-0359 Bezwaarmogelijkheid Als u het niet eens bent met dit besluit, kunt u binnen zes weken - na verzending van dit besluit -een bezwaarschrift indienen.


"
267,Besluit_Woo_2022-021_landbouwtellingen.pdf,"File id: 267 File title: Besluit_Woo_2022-021_landbouwtellingen.pdf.


 Woo-medewerker T 088 042 42 42 KPEU_Wob@rvo.nl D atum 13 mei 2022 B etreft Besluit op uw Wob-verzoek Onze referentie WOB/2022/021 Geachte heer/mevrouw , In uw brief van 1 februari 2022 heeft u, met een beroep op de Wet openbaarheid van bestuur (hierna: Wob), verzocht om informatie.


 U vraagt om documenten met informatie over de landbouwtellingen vanaf 2003 tot en met 2022 van de veehouderij(en) gevestigd op de Zevenmeersveenweg 9 te Sellingen.


 Daarnaast verzoekt u om de gegevens vanuit het Identificatie en Registratiesysteem (hierna: I&R systeem) over de periode vanaf mei 2003 tot en met 2022 van de veehouderij(en) gevestigd op het hierboven genoemd adres.


 De ontvangst van uw verzoek is schriftelijk bevestigd bij brief van 2 februari 2022.


 Wettelijk kader Op 1 mei 2022 is de Wob ingetrokken en vervangen door de Wet open overheid (Woo).


 Zij vinden dat de informatie niet openbaar 13 mei 2022 gemaakt moet worden.


 Ook publiceer ik Datum deze informatie en een geanonimiseerde kopie van dit besluit dan op 13 mei 2022 www.overheid.nl.


 Gebruikt u dit nummer als u contact met ons 13 mei 2022 heeft.


 Rijksdienst voor Ondernemend Nederland Vergunningen en Handhaving Datum Relevante artikelen uit de Woo 13 mei 2022 Onze referentie WOB/2022/021 1 Bijlage nummer Verzoek openbaarmaking gegevens Horend bij 13 mei 2022 Datum WOO/2022/021Dhr.


 de eenheid van de Kroon in gevaar zou kunnen brengen; Rijksdienst voor Ondernemend Nederland b. de veiligheid van de Staat zou kunnen schaden; Vergunningen en Handhaving c. bedrijfs- en fabricagegegevens betreft die door natuurlijke personen of rechtspersonen vertrouwelijk aan de overheid zijn meegedeeld; Datum d. persoonsgegevens betreft als bedoeld in paragraaf 3.1 13 mei 2022 onderscheidenlijk paragraaf 3.2 van de Uitvoeringswet Algemene Onze referentie verordening gegevensbescherming, tenzij de betrokkene uitdrukkelijk WOB/2022/021 toestemming heeft gegeven voor de openbaarmaking van deze persoonsgegevens of deze persoonsgegevens kennelijk door de betrokkene openbaar zijn gemaakt; e. nummers betreft die dienen ter identificatie van personen die bij wet of algemene maatregel van bestuur zijn voorgeschreven als bedoeld in artikel 46 van de Uitvoeringswet Algemene verordening gegevensbescherming, tenzij de verstrekking kennelijk geen inbreuk op de levenssfeer maakt.


 Het openbaar maken van informatie blijft in afwijking van het eerste lid, Datum onderdeel c, in geval van milieu-informatie eveneens achterwege voor zover 13 mei 2022 daardoor het in het eerste lid, onderdeel c, genoemde belang ernstig geschaad Onze referentie wordt en het algemeen belang van openbaarheid van informatie niet opweegt WOB/2022/021 tegen deze schade.


 Het eerste en tweede lid zijn niet van toepassing op milieu-informatie die betrekking heeft op emissies in het milieu Rijksdienst voor Ondernemend Nederland Vergunningen en Handhaving Datum 13 mei 2022 Onze referentie Inventarislijst opgevraagde gegevens WOB/2022/021 Bijlage nummer 2 Horend bij Verzoek openbaarmaking gegevens Datum 13 mei 2022 Onze referentie WOO/2022/021 Contactpersoon Dhr.


 Landbouwtelling UBN 6532462 Openbaar (cid:81)(cid:17)(cid:89)(cid:17)(cid:87) 2003-2022 (cid:17) Diertelling I&R Rund doc.1 UBN 153706 Zevenmeersveenweg 9 9551 VT Sellingen peildatum Diersoort totaal 1-jan-03 Runderen 165 1-feb-03 Runderen 169 1-mrt-03 Runderen 180 1-apr-03 Runderen 182 1-mei-03 Runderen 189 1-jun-03 Runderen 195 1-jul-03 Runderen 193 1-aug-03 Runderen 195 1-sep-03 Runderen 198 1-okt-03 Runderen 202 1-nov-03 Runderen 197 1-dec-03 Runderen 200 1-jan-04 Runderen 202 1-feb-04 Runderen 196 1-mrt-04 Runderen 197 1-apr-04 Runderen 197 1-mei-04 Runderen 199 1-jun-04 Runderen 202 1-jul-04 Runderen 200 1-aug-04 Runderen 196 1-sep-04 Runderen 211 1-okt-04 Runderen 212 1-nov-04 Runderen 215 1-dec-04 Runderen 223 1-jan-05 Runderen 227 1-feb-05 Runderen 215 1-mrt-05 Runderen 218 1-apr-05 Runderen 227 1-mei-05 Runderen 215 1-jun-05 Runderen 210 1-jul-05 Runderen 208 1-aug-05 Runderen 209 1-sep-05 Runderen 209 1-okt-05 Runderen 212 1-nov-05 Runderen 213 1-dec-05 Runderen 218 1-jan-06 Runderen 224 1-feb-06 Runderen 224 1-mrt-06 Runderen 2251-apr-06 Runderen 221 1-mei-06 Runderen 217 1-jun-06 Runderen 219 1-jul-06 Runderen 219 1-aug-06 Runderen 216 1-sep-06 Runderen 206 1-okt-06 Runderen 209 1-nov-06 Runderen 203 1-dec-06 Runderen 204 1-jan-07 Runderen 205 1-feb-07 Runderen 202 1-mrt-07 Runderen 194 1-apr-07 Runderen 189 1-mei-07 Runderen 190 1-jun-07 Runderen 188 1-jul-07 Runderen 194 1-aug-07 Runderen 197 1-sep-07 Runderen 196 1-okt-07 Runderen 200 1-nov-07 Runderen 203 1-dec-07 Runderen 202 1-jan-08 Runderen 209 1-feb-08 Runderen 209 1-mrt-08 Runderen 215 1-apr-08 Runderen 219 1-mei-08 Runderen 217 1-jun-08 Runderen 214 1-jul-08 Runderen 216 1-aug-08 Runderen 224 1-sep-08 Runderen 226 1-okt-08 Runderen 230 1-nov-08 Runderen 230 1-dec-08 Runderen 230 1-jan-09 Runderen 235 1-feb-09 Runderen 237 1-mrt-09 Runderen 233 1-apr-09 Runderen 235 1-mei-09 Runderen 238 1-jun-09 Runderen 233 1-jul-09 Runderen 233 1-aug-09 Runderen 236 1-sep-09 Runderen 234 1-okt-09 Runderen 236 1-nov-09 Runderen 247 1-dec-09 Runderen 2341-jan-10 Runderen 232 1-feb-10 Runderen 223 1-mrt-10 Runderen 226 1-apr-10 Runderen 226 1-mei-10 Runderen 218 1-jun-10 Runderen 225 1-jul-10 Runderen 225 1-aug-10 Runderen 232 1-sep-10 Runderen 229 1-okt-10 Runderen 235 1-nov-10 Runderen 223 1-dec-10 Runderen 225 1-jan-11 Runderen 234 1-feb-11 Runderen 223 1-mrt-11 Runderen 221 1-apr-11 Runderen 218 1-mei-11 Runderen 224 1-jun-11 Runderen 218 1-jul-11 Runderen 223 1-aug-11 Runderen 222 1-sep-11 Runderen 225 1-okt-11 Runderen 225 1-nov-11 Runderen 218 1-dec-11 Runderen 226 1-jan-12 Runderen 223 1-feb-12 Runderen 217 1-mrt-12 Runderen 221 1-apr-12 Runderen 220 1-mei-12 Runderen 219 1-jun-12 Runderen 214 1-jul-12 Runderen 220 1-aug-12 Runderen 219 1-sep-12 Runderen 217 1-okt-12 Runderen 220 1-nov-12 Runderen 212 1-dec-12 Runderen 220 1-jan-13 Runderen 219 1-feb-13 Runderen 215 1-mrt-13 Runderen 218 1-apr-13 Runderen 210 1-mei-13 Runderen 211 1-jun-13 Runderen 213 1-jul-13 Runderen 221 1-aug-13 Runderen 2191-sep-13 Runderen 218 1-okt-13 Runderen 218 1-nov-13 Runderen 226 1-dec-13 Runderen 225 1-jan-14 Runderen 224 1-feb-14 Runderen 227 1-mrt-14 Runderen 225 1-apr-14 Runderen 221 1-mei-14 Runderen 224 1-jun-14 Runderen 221 1-jul-14 Runderen 223 1-aug-14 Runderen 229 1-sep-14 Runderen 226 1-okt-14 Runderen 218 1-nov-14 Runderen 222 1-dec-14 Runderen 228 1-jan-15 Runderen 241 1-feb-15 Runderen 237 1-mrt-15 Runderen 232 1-apr-15 Runderen 232 1-mei-15 Runderen 232 1-jun-15 Runderen 233 1-jul-15 Runderen 238 1-aug-15 Runderen 242 1-sep-15 Runderen 242 1-okt-15 Runderen 241 1-nov-15 Runderen 241 1-dec-15 Runderen 251 1-jan-16 Runderen 250 1-feb-16 Runderen 241 1-mrt-16 Runderen 244 1-apr-16 Runderen 236 1-mei-16 Runderen 236 1-jun-16 Runderen 232 1-jul-16 Runderen 227 1-aug-16 Runderen 228 1-sep-16 Runderen 232 1-okt-16 Runderen 234 1-nov-16 Runderen 232 1-dec-16 Runderen 243 1-jan-17 Runderen 227 1-feb-17 Runderen 227 1-mrt-17 Runderen 227 1-apr-17 Runderen 2121-mei-17 Runderen 211 1-jun-17 Runderen 212 1-jul-17 Runderen 210 1-aug-17 Runderen 218 1-sep-17 Runderen 218 1-okt-17 Runderen 207 1-nov-17 Runderen 220 1-dec-17 Runderen 221 1-jan-18 Runderen 218 1-feb-18 Runderen 224 1-mrt-18 Runderen 227 1-apr-18 Runderen 210 1-mei-18 Runderen 104 1-jun-18 Runderen 80Diertelling I&R Geit en Rund doc.


 2 UBN 6532462 Zevenmeersveenweg 9 9551 VT Sellingen peildatum diersoort totaal 1-apr-21 Geit 63 1-mei-21 Geit 62 1-jun-21 Geit 63 1-jul-21 Geit 60 1-aug-21 Geit 60 1-sep-21 Geit 60 1-okt-21 Geit 60 1-nov-21 Geit 60 1-dec-21 Geit 60 1-jan-22 Geit 77 1-feb-22 Geit 44 1-aug-21 Runderen 5 1-sep-21 Runderen 6 1-okt-21 Runderen 6 1-nov-21 Runderen 6 1-dec-21 Runderen 6 1-jan-22 Runderen 6 1-feb-22 Runderen 6Landbouwtelling doc.


 3 UBN 153706 Zevenmeersveenweg 9 9551 VT Sellingen JAAR CAT_OMS VRAAG_OMS aantal 2003 RUNDVEE FOKJONGVEE 1 TOT 2 JAAR MANNELIJK 1 2003 RUNDVEE FOKJONGVEE 1 TOT 2 JAAR VROUWELIJK 42 2003 RUNDVEE FOKJONGVEE 2 JAAR OF OUDER VRL (NOG NOOIT GEKALFD) 2 2003 RUNDVEE FOKJONGVEE JONGER DAN 1 JAAR MANNELIJK 1 2003 RUNDVEE FOKJONGVEE JONGER DAN 1 JAAR VROUWELIJK 41 2003 RUNDVEE MELK- EN KALFKOEIEN 120 2003 RUNDVEE TOTAAL RUNDVEE 207 2004 RUNDVEE FOKJONGVEE 1 TOT 2 JAAR MANNELIJK 1 2004 RUNDVEE FOKJONGVEE 1 TOT 2 JAAR VROUWELIJK 40 2004 RUNDVEE FOKJONGVEE 2 JAAR OF OUDER VRL (NOG NOOIT GEKALFD) 3 2004 RUNDVEE FOKJONGVEE JONGER DAN 1 JAAR MANNELIJK 3 2004 RUNDVEE FOKJONGVEE JONGER DAN 1 JAAR VROUWELIJK 28 2004 RUNDVEE MELK- EN KALFKOEIEN 121 2004 RUNDVEE TOTAAL RUNDVEE 196 2005 RUNDVEE FOKJONGVEE 1 TOT 2 JAAR MANNELIJK 3 2005 RUNDVEE FOKJONGVEE 1 TOT 2 JAAR VROUWELIJK 25 2005 RUNDVEE FOKJONGVEE 2 JAAR OF OUDER VRL (NOG NOOIT GEKALFD) 4 2005 RUNDVEE FOKJONGVEE JONGER DAN 1 JAAR VROUWELIJK 52 2005 RUNDVEE MELK- EN KALFKOEIEN 126 2005 RUNDVEE TOTAAL RUNDVEE 210 2006 RUNDVEE FOKJONGVEE 1 TOT 2 JAAR VROUWELIJK 47 2006 RUNDVEE FOKJONGVEE 2 JAAR OF OUDER VRL (NOG NOOIT GEKALFD) 6 2006 RUNDVEE FOKJONGVEE JONGER DAN 1 JAAR MANNELIJK 2 2006 RUNDVEE FOKJONGVEE JONGER DAN 1 JAAR VROUWELIJK 39 2006 RUNDVEE MELK- EN KALFKOEIEN 124 2006 RUNDVEE STIEREN VOOR DE FOKKERIJ (2 JAAR OF OUDER) 2 2006 RUNDVEE TOTAAL RUNDVEE 220 2007 PAARDEN/PONYS PAARDEN 3 JAAR OF OUDER STOKMAAT >= 1.57 M 2 2007 PAARDEN/PONYS PONY'S 3 JAAR OF OUDER STOKMAAT KLEINER DAN 1.57 M 1 2007 PAARDEN/PONYS TOTAAL PAARDEN EN PONY'S 3 2007 RUNDVEE FOKJONGVEE 1 TOT 2 JAAR MANNELIJK 1 2007 RUNDVEE FOKJONGVEE 1 TOT 2 JAAR VROUWELIJK 37 2007 RUNDVEE FOKJONGVEE 2 JAAR OF OUDER VRL (NOG NOOIT GEKALFD) 13 2007 RUNDVEE FOKJONGVEE JONGER DAN 1 JAAR MANNELIJK 2 2007 RUNDVEE FOKJONGVEE JONGER DAN 1 JAAR VROUWELIJK 28 2007 RUNDVEE MELK- EN KALFKOEIEN 109 2007 RUNDVEE TOTAAL RUNDVEE 1902008 PAARDEN/PONYS PAARDEN 3 JAAR OF OUDER STOKMAAT >= 1.57 M 2 2008 PAARDEN/PONYS PONY'S 3 JAAR OF OUDER STOKMAAT KLEINER DAN 1.57 M 2 2008 PAARDEN/PONYS TOTAAL PAARDEN EN PONY'S 4 2008 RUNDVEE FOKJONGVEE 1 TOT 2 JAAR MANNELIJK 1 2008 RUNDVEE FOKJONGVEE 1 TOT 2 JAAR VROUWELIJK 26 2008 RUNDVEE FOKJONGVEE 2 JAAR OF OUDER VRL (NOG NOOIT GEKALFD) 6 2008 RUNDVEE FOKJONGVEE JONGER DAN 1 JAAR MANNELIJK 2 2008 RUNDVEE FOKJONGVEE JONGER DAN 1 JAAR VROUWELIJK 55 2008 RUNDVEE MELK- EN KALFKOEIEN 127 2008 RUNDVEE STIEREN VOOR DE FOKKERIJ (2 JAAR OF OUDER) 1 2008 RUNDVEE TOTAAL RUNDVEE 218 2009 PAARDEN/PONYS PAARDEN 3 JAAR OF OUDER STOKMAAT >= 1.57 M 1 2009 PAARDEN/PONYS PONY'S 3 JAAR OF OUDER STOKMAAT KLEINER DAN 1.57 M 1 2009 PAARDEN/PONYS TOTAAL PAARDEN EN PONY'S 2 2009 RUNDVEE FOKJONGVEE 1 TOT 2 JAAR VROUWELIJK 48 2009 RUNDVEE FOKJONGVEE 2 JAAR OF OUDER VRL (NOG NOOIT GEKALFD) 2 2009 RUNDVEE FOKJONGVEE JONGER DAN 1 JAAR MANNELIJK 3 2009 RUNDVEE FOKJONGVEE JONGER DAN 1 JAAR VROUWELIJK 51 2009 RUNDVEE MELK- EN KALFKOEIEN 128 2009 RUNDVEE STIEREN VOOR DE FOKKERIJ (2 JAAR OF OUDER) 2 2009 RUNDVEE TOTAAL RUNDVEE 234 2010 PAARDEN/PONYS PAARDEN 3 JAAR OF OUDER STOKMAAT >= 1.57 M 1 2010 PAARDEN/PONYS PONY'S 3 JAAR OF OUDER STOKMAAT KLEINER DAN 1.57 M 1 2010 PAARDEN/PONYS TOTAAL AANTAL PAARDEN PONYS EN EZELS 2 2010 RUNDVEE FOKJONGVEE 1 TOT 2 JAAR MANNELIJK 1 2010 RUNDVEE FOKJONGVEE 1 TOT 2 JAAR VROUWELIJK 51 2010 RUNDVEE FOKJONGVEE 2 JAAR OF OUDER VRL (NOG NOOIT GEKALFD) 8 2010 RUNDVEE FOKJONGVEE JONGER DAN 1 JAAR MANNELIJK 1 2010 RUNDVEE FOKJONGVEE JONGER DAN 1 JAAR VROUWELIJK 40 2010 RUNDVEE MELK- EN KALFKOEIEN 125 2010 RUNDVEE TOTAAL RUNDVEE 226 2011 PAARDEN/PONYS OVERIG PAARD OUDER DAN 3 JAAR STOKMAAT >= 1.57 M 1 2011 PAARDEN/PONYS PONY'S 3 JAAR OF OUDER STOKMAAT KLEINER DAN 1.57 M 1 2011 PAARDEN/PONYS TOTAAL AANTAL PAARDEN PONYS EN EZELS 2 2011 RUNDVEE FOKJONGVEE 1 TOT 2 JAAR MANNELIJK 1 2011 RUNDVEE FOKJONGVEE 1 TOT 2 JAAR VROUWELIJK 39 2011 RUNDVEE FOKJONGVEE 2 JAAR OF OUDER VRL (NOG NOOIT GEKALFD) 8 2011 RUNDVEE FOKJONGVEE JONGER DAN 1 JAAR MANNELIJK 1 2011 RUNDVEE FOKJONGVEE JONGER DAN 1 JAAR VROUWELIJK 48 2011 RUNDVEE MELK- EN KALFKOEIEN 123 2011 RUNDVEE TOTAAL RUNDVEE 220 2012 PAARDEN/PONYS OVERIG PAARD JONGER DAN 3 JAAR STOKMAAT >= 1.57 M 1 2012 PAARDEN/PONYS OVERIG PAARD OUDER DAN 3 JAAR STOKMAAT >= 1.57 M 2 2012 PAARDEN/PONYS TOTAAL AANTAL PAARDEN PONYS EN EZELS 32012 RUNDVEE FOKJONGVEE 1 TOT 2 JAAR MANNELIJK 1 2012 RUNDVEE FOKJONGVEE 1 TOT 2 JAAR VROUWELIJK 47 2012 RUNDVEE FOKJONGVEE 2 JAAR OF OUDER VRL (NOG NOOIT GEKALFD) 9 2012 RUNDVEE FOKJONGVEE JONGER DAN 1 JAAR MANNELIJK 1 2012 RUNDVEE FOKJONGVEE JONGER DAN 1 JAAR VROUWELIJK 44 2012 RUNDVEE MELK- EN KALFKOEIEN 118 2012 RUNDVEE TOTAAL RUNDVEE 220 2013 PAARDEN/PONYS OVERIG PAARD JONGER DAN 3 JAAR STOKMAAT >= 1.57 M 1 2013 PAARDEN/PONYS OVERIG PAARD OUDER DAN 3 JAAR STOKMAAT >= 1.57 M 1 2013 PAARDEN/PONYS PONY'S 3 JAAR OF OUDER STOKMAAT KLEINER DAN 1.57 M 1 2013 PAARDEN/PONYS PONY'S JONGER DAN 3 JR. STOKMAAT KLEINER DAN 1.57M 2 2013 PAARDEN/PONYS TOTAAL AANTAL PAARDEN PONYS EN EZELS 5 2013 RUNDVEE FOKJONGVEE 1 TOT 2 JAAR MANNELIJK 1 2013 RUNDVEE FOKJONGVEE 1 TOT 2 JAAR VROUWELIJK 43 2013 RUNDVEE FOKJONGVEE JONGER DAN 1 JAAR MANNELIJK 1 2013 RUNDVEE FOKJONGVEE JONGER DAN 1 JAAR VROUWELIJK 42 2013 RUNDVEE MELK- EN KALFKOEIEN 129 2013 RUNDVEE TOTAAL RUNDVEE 216 2014 PAARDEN/PONYS PONY'S 3 JAAR OF OUDER STOKMAAT KLEINER DAN 1.57 M 3 2014 PAARDEN/PONYS TOTAAL AANTAL PAARDEN PONYS EN EZELS 3 2014 RUNDVEE FOKJONGVEE 1 TOT 2 JAAR VROUWELIJK 39 2014 RUNDVEE FOKJONGVEE 2 JAAR OF OUDER VRL (NOG NOOIT GEKALFD) 3 2014 RUNDVEE FOKJONGVEE JONGER DAN 1 JAAR VROUWELIJK 58 2014 RUNDVEE MELK- EN KALFKOEIEN 119 2014 RUNDVEE STIEREN (TWEE JAAR OF OUDER) 1 2014 RUNDVEE TOTAAL RUNDVEE 220 2015 PAARDEN/PONYS OVERIG PAARD OUDER DAN 3 JAAR STOKMAAT >= 1.57 M 2 2015 PAARDEN/PONYS PONY'S 3 JAAR OF OUDER STOKMAAT KLEINER DAN 1.57 M 1 2015 PAARDEN/PONYS TOTAAL AANTAL PAARDEN PONYS EN EZELS 3 2015 RUNDVEE FOKJONGVEE 1 TOT 2 JAAR MANNELIJK 1 2015 RUNDVEE FOKJONGVEE 1 TOT 2 JAAR VROUWELIJK 56 2015 RUNDVEE FOKJONGVEE 2 JAAR OF OUDER VRL (NOG NOOIT GEKALFD) 1 2015 RUNDVEE FOKJONGVEE JONGER DAN 1 JAAR MANNELIJK 4 2015 RUNDVEE FOKJONGVEE JONGER DAN 1 JAAR VROUWELIJK 47 2015 RUNDVEE MELK- EN KALFKOEIEN 123 2015 RUNDVEE TOTAAL RUNDVEE 232 2016 PAARDEN/PONYS OVERIG PAARD OUDER DAN 3 JAAR STOKMAAT >= 1.57 M 2 2016 PAARDEN/PONYS PONY'S 3 JAAR OF OUDER STOKMAAT KLEINER DAN 1.57 M 1 2016 PAARDEN/PONYS PONY'S JONGER DAN 3 JR. STOKMAAT KLEINER DAN 1.57M 1 2016 PAARDEN/PONYS TOTAAL AANTAL PAARDEN PONYS EN EZELS 4 2016 RUNDVEE FOKJONGVEE 1 TOT 2 JAAR MANNELIJK 1 2016 RUNDVEE FOKJONGVEE 1 TOT 2 JAAR VROUWELIJK 45 2016 RUNDVEE FOKJONGVEE JONGER DAN 1 JAAR MANNELIJK 3 2016 RUNDVEE FOKJONGVEE JONGER DAN 1 JAAR VROUWELIJK 452016 RUNDVEE MELK- EN KALFKOEIEN 141 2016 RUNDVEE TOTAAL RUNDVEE 235 2017 PAARDEN/PONYS OVERIG PAARD OUDER DAN 3 JAAR STOKMAAT >= 1.57 M 1 2017 PAARDEN/PONYS PONY'S 3 JAAR OF OUDER STOKMAAT KLEINER DAN 1.57 M 3 2017 PAARDEN/PONYS PONY'S JONGER DAN 3 JR. STOKMAAT KLEINER DAN 1.57M 1 2017 PAARDEN/PONYS TOTAAL AANTAL PAARDEN PONYS EN EZELS 5 2017 RUNDVEE FOKJONGVEE 1 TOT 2 JAAR MANNELIJK 1 2017 RUNDVEE FOKJONGVEE 1 TOT 2 JAAR VROUWELIJK 41 2017 RUNDVEE FOKJONGVEE 2 JAAR OF OUDER VRL (NOG NOOIT GEKALFD) 1 2017 RUNDVEE FOKJONGVEE JONGER DAN 1 JAAR MANNELIJK 2 2017 RUNDVEE FOKJONGVEE JONGER DAN 1 JAAR VROUWELIJK 41 2017 RUNDVEE MELK- EN KALFKOEIEN 126 2017 RUNDVEE TOTAAL RUNDVEE 212 2018 PAARDEN/PONYS PONY'S 3 JAAR OF OUDER STOKMAAT KLEINER DAN 1.57 M 5 2018 PAARDEN/PONYS TOTAAL AANTAL PAARDEN PONYS EN EZELS 5 2018 RUNDVEE FOKJONGVEE 1 TOT 2 JAAR MANNELIJK 1 2018 RUNDVEE FOKJONGVEE 1 TOT 2 JAAR VROUWELIJK 39 2018 RUNDVEE FOKJONGVEE 2 JAAR OF OUDER VRL (NOG NOOIT GEKALFD) 5 2018 RUNDVEE FOKJONGVEE JONGER DAN 1 JAAR MANNELIJK 3 2018 RUNDVEE FOKJONGVEE JONGER DAN 1 JAAR VROUWELIJK 39 2018 RUNDVEE MELK- EN KALFKOEIEN 122 2018 RUNDVEE TOTAAL RUNDVEE 209 2019 PAARDEN/PONYS PONY'S 3 JAAR OF OUDER STOKMAAT KLEINER DAN 1.57 M 2 2019 PAARDEN/PONYS PONY'S JONGER DAN 3 JR. STOKMAAT KLEINER DAN 1.57M 1 2019 PAARDEN/PONYS TOTAAL AANTAL PAARDEN PONYS EN EZELS 3 2020 PAARDEN/PONYS PONY'S 3 JAAR OF OUDER STOKMAAT KLEINER DAN 1.57 M 2 2020 PAARDEN/PONYS PONY'S JONGER DAN 3 JR. STOKMAAT KLEINER DAN 1.57M 1 2020 PAARDEN/PONYS TOTAAL AANTAL PAARDEN PONYS EN EZELS 3Landbouwtelling doc.


 4 UBN 6532462 Zevenmeersveenweg 9 9551 VT Sellingen 2021 SCHAPEN EN GEITEN MELKGEITEN 1 JAAR OF OUDER 62 2021 SCHAPEN EN GEITEN OVERIGE GEITEN MANNELIJK 1 JAAR OF OUDER 1 2021 SCHAPEN EN GEITEN TOTAAL GEITEN 63


"
271,Besluit_Woo_verzoek_toegang_Russische_nieuwsbronnen_edited___sanitized.pdf,"File id: 271 File title: Besluit_Woo_verzoek_toegang_Russische_nieuwsbronnen_edited___sanitized.pdf.


 Kenmerk BZ-2022.9762 Datum 8 juli 2022 


  heer U heeft op 5 april 2022, door mij ontvangen op 6 april 2022, met een beroep op de Wet openbaarheid van bestuur (hierna: Wob) om informatie verzocht.


 Uw verzoek heeft betrekking op de verordening die de Raad van Europa op 2 maart 2022 publiceerde op grond waarvan het, kort gezegd, dienstverleners wordt verboden om uitzendingen van RT en Sputnik te faciliteren.


 De ontvangst van uw verzoek is per e-mailbericht bevestigd op 4 mei 2022.


 Op 16 juni 2022 heeft u mij in gebreke gesteld nu u nog geen besluit heeft ontvangen en de beslistermijn is verstreken.


 Vanaf 1 mei 2022 is de Wob vervangen door de Woo.


 De Woo kent geen overgangsrecht, dit betekent dat vanaf 1 mei de Woo geldt.


 Uw Wob-verzoek van 10 maart 2022 neem ik daarom als een Woo-verzoek in behandeling.


 ID Van Aan Onderwerp Passage 984387 BZ BZ/OCW/ e-mail 28/02/22 19:15 uur: JenV/AZ/ Re: Flits coreper II “CRP tweede sessie 28/2.


 DEF/Fin/ EZK 14.04 uur en 19.15 • Verbod media: uur Russia Today en Sputnik • Proces: morgen om 12.00 uur CRP om bovenstaande maatregelen te accorderen.Daarna aanname per schriftelijke procedure 14.04 uur: “sanctiespoor: wetteksten voor Russia Today en Sputnik volgen vandaag” .


 984388 BZ BZ e-mail 28/02/22 “samenvatting EU besluiten: Bulletin 28/02 09.30 • Vandaag ligt nog voor: uit de lucht halen Today en Sputnik” 984391 BZ BZ/AZ e-mail 27/02/22 “ Cie: Re: Flits coreper II – • RT/Sputnik Rusland/Oekraïne verbieden” 984433 BZ BZ Verslag “ EU besluiten: Crisisberaad • Vandaag ligt nog Oekraïne 28/02/22 voor: uit de lucht halen Russia Today en Sputnik” 984394 BZ BZ E-mail 27/02/22 “steun lidstaten voor door CIE voorgestelde Flits RBZ verbod voor Russia Today Rusland/Oekraine en Sputnik” 27 feb 984396 BZ BZ/AZ e-mail 01/03/22 “Flits COREPER 01/03 over Rusland/Oekraine • Sancties media: Re: Flits Coreper II - Wettekst op Rusland/Oekraine Russia Today en Sputnik is akkoord met wijzigingen op voorstel JDR” 984398 BZ BZ/AZ e-mail 01/03/22 “maatregelen Sputnik/Russia Today” Terugkoppeling PSC Oekraïne/Rusland 984409 BZ BZ e-mail 28/02/22 “x en ik spraken hier net over”.


 De verdere e-mailstring is beoordeeld in ID 984390 984405 BZ BZ/OCW/ e-mail 01/03/22 “CRP tweede sessie 28/2: JenV/AZ/ Aangepaste agenda • Verbod media: DEF/Fin/ CRPII-1 en 2 maart Russia Today en EZK/LNV/ 2022 Sputnik” (overige VWS deel van de passage is geweigerd op 5.1.2.a) Reeds beoordeeld Indien delen van documenten zijn beoordeeld in andere documenten is in die documenten een verwijzing opgenomen naar het desbetreffende document.


"
259,Besluit_Woo-verzoek_inzake_de_eiwittransitie.pdf,"File id: 259 File title: Besluit_Woo-verzoek_inzake_de_eiwittransitie.pdf.


 T 070 379 8911 (algemeen) 


 F 070 378 6100 (algemeen) www.rijksoverheid.nl/lnv Behandeld door 5.1.2.e Datum 13 september 2022 @minlnv.nl Betreft Besluit Woo-verzoek d.d.


 19 november 2021 inzake de eiwittransitie Ons kenmerk Geachte 5.1.2.e , DGA-PAV / 22419730 Uw kenmerk In uw verzoek van 19 november 2021, door mij ontvangen op 19 november 2021, heeft u het ministerie van Landbouw, Natuur en Voedselkwaliteit gevraagd Bijlage(n) informatie openbaar te maken over de eiwittransitie, in het bijzonder rondom de kweek van insecten.


 Op 30 november 2021 heeft u bericht ontvangen dat uw verzoek in goede orde is ontvangen.


 De uiterlijke beslisdatum is daarmee 14 januari 2022 geworden.


 Ik wijs u erop dat de downloadlink zeven dagen geldig blijft.


"
269,Besluit_woo_gecombineerde-opgaven_boksum.pdf,"File id: 269 File title: Besluit_woo_gecombineerde-opgaven_boksum.pdf.


 Wob medewerker T 088 042 42 42 KPEU Wob@rvo.nl D atum 30 juni 2022 Onze referentie Wob/2022/071 Betreft Besluit op uw Wob-verzoek Geachte heer, mevrouw In uw brief van 11 april 2022, heeft u, met een beroep op de Wet openbaarheid van bestuur (hierna: Wob), informatie verzocht over de gecombineerde opgaven van 2013, 2014 en 2017 van , Blessumerpaed 17-A te Boksum.


 Procedure De ontvangst van uw verzoek is schriftelijk bevestigd bij brief van 15 april 2022.


 In deze brief is de beslistermijn met vier weken verdaagd tot 23 mei 2022.


 Wettelijk kader Op 1 mei 2022 is de Wob ingetrokken en vervangen door de Wet open overheid (Woo).


 Rijksdienst voor Ondernemend Nederland Vergunningen en Handhaving Datum Besluit 30 juni 2022 Ik heb besloten uw verzoek af te wijzen aangezien er geen document bij het ministerie is met de door u gevraagde informatie.


 Rijksdienst voor Ondernemend Nederland Vergunningen en Handhaving Relevante artikelen uit de Woo Datum 30 juni 2022 Onze referentie Wob/2022/71 Bijlage nummer 1 Horend bij Verzoek openbaarmaking gegevens Datum 30 juni 2022 Onze referentie WOO/2022/071 Contactpersoon Dhr.


 Het openbaar maken van informatie ingevolge deze wet blijft achterwege Datum voor zover dit: 30 juni 2022 a. de eenheid van de Kroon in gevaar zou kunnen brengen; b. de veiligheid van de Staat zou kunnen schaden; Onze referentie c. bedrijfs- en fabricagegegevens betreft die door natuurlijke personen Wob/2022/71 of rechtspersonen vertrouwelijk aan de overheid zijn meegedeeld; d. persoonsgegevens betreft als bedoeld in paragraaf 3.1 onderscheidenlijk paragraaf 3.2 van de Uitvoeringswet Algemene verordening gegevensbescherming, tenzij de betrokkene uitdrukkelijk toestemming heeft gegeven voor de openbaarmaking van deze persoonsgegevens of deze persoonsgegevens kennelijk door de betrokkene openbaar zijn gemaakt; e. nummers betreft die dienen ter identificatie van personen die bij wet of algemene maatregel van bestuur zijn voorgeschreven als bedoeld in artikel 46 van de Uitvoeringswet Algemene verordening gegevensbescherming, tenzij de verstrekking kennelijk geen inbreuk op de levenssfeer maakt.


 Rijksdienst voor Ondernemend Nederland Vergunningen en Handhaving Datum 30 juni 2022 5.


 Het gaat om de gecombineerde opgave van 2013, 2014 en 2017 van de volgende relatie van u: Blessumerpaed 17-A 9031 XM Boksum gebruik heeft gemaakt van onze stal en heeft hiervoor informatie ingevuld in zijn gecombineerde opgave.


"
